[
{
    "model": "hubur_apis.userprofile",
    "pk": 1,
    "fields": {
        "password": "pbkdf2_sha256$260000$Y3PO2iaZaHvZScE3GxplXB$M6Jz5WTKM/p35a57eT1kUEyprIPrfvGKeJdIpkCOCSg=",
        "last_login": "2023-03-09T06:38:19.627Z",
        "username": "hubursuperuser",
        "first_name": "hubur",
        "last_name": "superuser",
        "gender": 1,
        "email": "superuser_hubur@example.com",
        "role": 4,
        "is_active": true,
        "is_type": 1,
        "is_verified": true,
        "is_staff": true,
        "contact": "3011234567",
        "country_code": "+92",
        "dob": "2023-01-30",
        "address": null,
        "profile_picture": "",
        "long": null,
        "lat": null,
        "terms_conditions": false,
        "created_at": "2023-01-30T09:24:30.845Z",
        "updated_at": "2023-01-30T09:24:31.075Z",
        "groups": [],
        "user_permissions": []
    }
},
{
    "model": "hubur_apis.userprofile",
    "pk": 2,
    "fields": {
        "password": "pbkdf2_sha256$260000$QG4VAs5UT6g5NV2E7zOUVS$sc1Q9y8x+TjOzs9pX6XD+NzHScO4z5UIEXPI/YDwJ7I=",
        "last_login": "2023-02-15T13:20:30.461Z",
        "username": "huburadmin",
        "first_name": "hubur",
        "last_name": "admin",
        "gender": 1,
        "email": "admin_hubur@example.com",
        "role": 3,
        "is_active": true,
        "is_type": 1,
        "is_verified": true,
        "is_staff": false,
        "contact": "3011234567",
        "country_code": "+92",
        "dob": "2023-01-30",
        "address": "Dha V, Karachi",
        "profile_picture": "FAjIz_WVEAEzB37.png",
        "long": null,
        "lat": null,
        "terms_conditions": false,
        "created_at": "2023-01-30T09:29:21.321Z",
        "updated_at": "2023-02-15T10:38:15.258Z",
        "groups": [],
        "user_permissions": []
    }
},
{
    "model": "hubur_apis.userprofile",
    "pk": 3,
    "fields": {
        "password": "pbkdf2_sha256$260000$hYUCHAPogOKEZGkmsqbdpv$2bv/Ofzwx2GpBxj3n5FtUu3NJcjKlFyr5ZC3R1W+9tE=",
        "last_login": "2023-02-13T07:35:16.734Z",
        "username": "testVendor",
        "first_name": "test",
        "last_name": "Vendor",
        "gender": 1,
        "email": "test_vendor@example.com",
        "role": 2,
        "is_active": true,
        "is_type": 1,
        "is_verified": true,
        "is_staff": false,
        "contact": "3011234567",
        "country_code": "+92",
        "dob": "2023-01-30",
        "address": "DHA KHI PK",
        "profile_picture": "FAjIz_WVEAEzB37_VF6SbSn.png",
        "long": null,
        "lat": null,
        "terms_conditions": false,
        "created_at": "2023-01-30T09:30:34.961Z",
        "updated_at": "2023-02-11T12:00:38.285Z",
        "groups": [],
        "user_permissions": []
    }
},
{
    "model": "hubur_apis.userprofile",
    "pk": 4,
    "fields": {
        "password": "pbkdf2_sha256$260000$75DHB8KPDzucyZtsXhRBeQ$LfzCkAF0tno+yHmEuluq/b4N1ruo+qZM77PteKKr7iY=",
        "last_login": null,
        "username": "ahsan.irfan",
        "first_name": "Ahsan",
        "last_name": "Irfan",
        "gender": 1,
        "email": "ahsan.irfan@gmail.com",
        "role": 1,
        "is_active": true,
        "is_type": 1,
        "is_verified": true,
        "is_staff": false,
        "contact": "33401379251",
        "country_code": "92",
        "dob": "1997-11-21",
        "address": null,
        "profile_picture": "profile_pictures/logo_min.png",
        "long": null,
        "lat": null,
        "terms_conditions": true,
        "created_at": "2023-03-09T06:36:07.052Z",
        "updated_at": "2023-03-09T06:36:32.934Z",
        "groups": [],
        "user_permissions": []
    }
},
{
    "model": "hubur_apis.otptoken",
    "pk": 1,
    "fields": {
        "i_user": 4,
        "code": "7664",
        "medium": "2",
        "created_at": "2023-03-09T06:36:07.265Z",
        "updated_at": "2023-03-09T06:36:07.265Z"
    }
},
{
    "model": "hubur_apis.category",
    "pk": 1,
    "fields": {
        "name": "Resturant",
        "is_active": true,
        "created_at": "2023-03-09T06:39:39.446Z",
        "updated_at": "2023-03-09T06:39:39.446Z"
    }
},
{
    "model": "hubur_apis.category",
    "pk": 2,
    "fields": {
        "name": "Services",
        "is_active": true,
        "created_at": "2023-03-09T06:39:39.497Z",
        "updated_at": "2023-03-09T06:39:39.497Z"
    }
},
{
    "model": "hubur_apis.category",
    "pk": 3,
    "fields": {
        "name": "Products",
        "is_active": true,
        "created_at": "2023-03-09T06:39:39.560Z",
        "updated_at": "2023-03-09T06:39:39.560Z"
    }
},
{
    "model": "hubur_apis.category",
    "pk": 4,
    "fields": {
        "name": "Health Care",
        "is_active": true,
        "created_at": "2023-03-09T06:39:39.687Z",
        "updated_at": "2023-03-09T06:39:39.687Z"
    }
},
{
    "model": "hubur_apis.subcategories",
    "pk": 1,
    "fields": {
        "name": "bakery",
        "i_category": 1,
        "is_active": true,
        "created_at": "2023-03-09T06:39:39.460Z",
        "updated_at": "2023-03-09T06:43:32.097Z"
    }
},
{
    "model": "hubur_apis.subcategories",
    "pk": 2,
    "fields": {
        "name": "bar",
        "i_category": 1,
        "is_active": true,
        "created_at": "2023-03-09T06:39:39.467Z",
        "updated_at": "2023-03-09T06:43:32.109Z"
    }
},
{
    "model": "hubur_apis.subcategories",
    "pk": 3,
    "fields": {
        "name": "cafe",
        "i_category": 1,
        "is_active": true,
        "created_at": "2023-03-09T06:39:39.475Z",
        "updated_at": "2023-03-09T06:43:32.117Z"
    }
},
{
    "model": "hubur_apis.subcategories",
    "pk": 4,
    "fields": {
        "name": "casino",
        "i_category": 1,
        "is_active": true,
        "created_at": "2023-03-09T06:39:39.483Z",
        "updated_at": "2023-03-09T06:43:32.128Z"
    }
},
{
    "model": "hubur_apis.subcategories",
    "pk": 5,
    "fields": {
        "name": "restaurant",
        "i_category": 1,
        "is_active": true,
        "created_at": "2023-03-09T06:39:39.491Z",
        "updated_at": "2023-03-09T06:43:32.141Z"
    }
},
{
    "model": "hubur_apis.subcategories",
    "pk": 6,
    "fields": {
        "name": "beauty_salon",
        "i_category": 2,
        "is_active": true,
        "created_at": "2023-03-09T06:39:39.503Z",
        "updated_at": "2023-03-09T06:43:32.153Z"
    }
},
{
    "model": "hubur_apis.subcategories",
    "pk": 7,
    "fields": {
        "name": "car_rental",
        "i_category": 2,
        "is_active": true,
        "created_at": "2023-03-09T06:39:39.510Z",
        "updated_at": "2023-03-09T06:43:32.164Z"
    }
},
{
    "model": "hubur_apis.subcategories",
    "pk": 8,
    "fields": {
        "name": "car_repair",
        "i_category": 2,
        "is_active": true,
        "created_at": "2023-03-09T06:39:39.517Z",
        "updated_at": "2023-03-09T06:43:32.177Z"
    }
},
{
    "model": "hubur_apis.subcategories",
    "pk": 9,
    "fields": {
        "name": "car_wash",
        "i_category": 2,
        "is_active": true,
        "created_at": "2023-03-09T06:39:39.525Z",
        "updated_at": "2023-03-09T06:43:32.189Z"
    }
},
{
    "model": "hubur_apis.subcategories",
    "pk": 10,
    "fields": {
        "name": "electrician",
        "i_category": 2,
        "is_active": true,
        "created_at": "2023-03-09T06:39:39.533Z",
        "updated_at": "2023-03-09T06:43:32.203Z"
    }
},
{
    "model": "hubur_apis.subcategories",
    "pk": 11,
    "fields": {
        "name": "laundry",
        "i_category": 2,
        "is_active": true,
        "created_at": "2023-03-09T06:39:39.540Z",
        "updated_at": "2023-03-09T06:43:32.215Z"
    }
},
{
    "model": "hubur_apis.subcategories",
    "pk": 12,
    "fields": {
        "name": "painter",
        "i_category": 2,
        "is_active": true,
        "created_at": "2023-03-09T06:39:39.547Z",
        "updated_at": "2023-03-09T06:43:32.227Z"
    }
},
{
    "model": "hubur_apis.subcategories",
    "pk": 13,
    "fields": {
        "name": "plumber",
        "i_category": 2,
        "is_active": true,
        "created_at": "2023-03-09T06:39:39.554Z",
        "updated_at": "2023-03-09T06:43:32.239Z"
    }
},
{
    "model": "hubur_apis.subcategories",
    "pk": 14,
    "fields": {
        "name": "bicycle_store",
        "i_category": 3,
        "is_active": true,
        "created_at": "2023-03-09T06:39:39.567Z",
        "updated_at": "2023-03-09T06:43:32.251Z"
    }
},
{
    "model": "hubur_apis.subcategories",
    "pk": 15,
    "fields": {
        "name": "book_store",
        "i_category": 3,
        "is_active": true,
        "created_at": "2023-03-09T06:39:39.573Z",
        "updated_at": "2023-03-09T06:43:32.263Z"
    }
},
{
    "model": "hubur_apis.subcategories",
    "pk": 16,
    "fields": {
        "name": "cemetery",
        "i_category": 3,
        "is_active": true,
        "created_at": "2023-03-09T06:39:39.581Z",
        "updated_at": "2023-03-09T06:43:32.275Z"
    }
},
{
    "model": "hubur_apis.subcategories",
    "pk": 17,
    "fields": {
        "name": "clothing_store",
        "i_category": 3,
        "is_active": true,
        "created_at": "2023-03-09T06:39:39.589Z",
        "updated_at": "2023-03-09T06:43:32.287Z"
    }
},
{
    "model": "hubur_apis.subcategories",
    "pk": 18,
    "fields": {
        "name": "convenience_store",
        "i_category": 3,
        "is_active": true,
        "created_at": "2023-03-09T06:39:39.596Z",
        "updated_at": "2023-03-09T06:43:32.300Z"
    }
},
{
    "model": "hubur_apis.subcategories",
    "pk": 19,
    "fields": {
        "name": "electronics_store",
        "i_category": 3,
        "is_active": true,
        "created_at": "2023-03-09T06:39:39.604Z",
        "updated_at": "2023-03-09T06:43:32.311Z"
    }
},
{
    "model": "hubur_apis.subcategories",
    "pk": 20,
    "fields": {
        "name": "furniture_store",
        "i_category": 3,
        "is_active": true,
        "created_at": "2023-03-09T06:39:39.612Z",
        "updated_at": "2023-03-09T06:43:32.324Z"
    }
},
{
    "model": "hubur_apis.subcategories",
    "pk": 21,
    "fields": {
        "name": "florist",
        "i_category": 3,
        "is_active": true,
        "created_at": "2023-03-09T06:39:39.620Z",
        "updated_at": "2023-03-09T06:43:32.336Z"
    }
},
{
    "model": "hubur_apis.subcategories",
    "pk": 22,
    "fields": {
        "name": "hardware_store",
        "i_category": 3,
        "is_active": true,
        "created_at": "2023-03-09T06:39:39.628Z",
        "updated_at": "2023-03-09T06:43:32.346Z"
    }
},
{
    "model": "hubur_apis.subcategories",
    "pk": 23,
    "fields": {
        "name": "home_goods_store",
        "i_category": 3,
        "is_active": true,
        "created_at": "2023-03-09T06:39:39.636Z",
        "updated_at": "2023-03-09T06:43:32.359Z"
    }
},
{
    "model": "hubur_apis.subcategories",
    "pk": 24,
    "fields": {
        "name": "jewelry_store",
        "i_category": 3,
        "is_active": true,
        "created_at": "2023-03-09T06:39:39.642Z",
        "updated_at": "2023-03-09T06:43:32.371Z"
    }
},
{
    "model": "hubur_apis.subcategories",
    "pk": 25,
    "fields": {
        "name": "pet_store",
        "i_category": 3,
        "is_active": true,
        "created_at": "2023-03-09T06:39:39.650Z",
        "updated_at": "2023-03-09T06:43:32.381Z"
    }
},
{
    "model": "hubur_apis.subcategories",
    "pk": 26,
    "fields": {
        "name": "shoe_store",
        "i_category": 3,
        "is_active": true,
        "created_at": "2023-03-09T06:39:39.657Z",
        "updated_at": "2023-03-09T06:43:32.392Z"
    }
},
{
    "model": "hubur_apis.subcategories",
    "pk": 27,
    "fields": {
        "name": "shopping_mall",
        "i_category": 3,
        "is_active": true,
        "created_at": "2023-03-09T06:39:39.665Z",
        "updated_at": "2023-03-09T06:43:32.401Z"
    }
},
{
    "model": "hubur_apis.subcategories",
    "pk": 28,
    "fields": {
        "name": "store",
        "i_category": 3,
        "is_active": true,
        "created_at": "2023-03-09T06:39:39.673Z",
        "updated_at": "2023-03-09T06:43:32.410Z"
    }
},
{
    "model": "hubur_apis.subcategories",
    "pk": 29,
    "fields": {
        "name": "supermarket",
        "i_category": 3,
        "is_active": true,
        "created_at": "2023-03-09T06:39:39.681Z",
        "updated_at": "2023-03-09T06:43:32.420Z"
    }
},
{
    "model": "hubur_apis.subcategories",
    "pk": 30,
    "fields": {
        "name": "dentist",
        "i_category": 4,
        "is_active": true,
        "created_at": "2023-03-09T06:39:39.693Z",
        "updated_at": "2023-03-09T06:43:32.429Z"
    }
},
{
    "model": "hubur_apis.subcategories",
    "pk": 31,
    "fields": {
        "name": "department_store",
        "i_category": 4,
        "is_active": true,
        "created_at": "2023-03-09T06:39:39.700Z",
        "updated_at": "2023-03-09T06:43:32.439Z"
    }
},
{
    "model": "hubur_apis.subcategories",
    "pk": 32,
    "fields": {
        "name": "doctor",
        "i_category": 4,
        "is_active": true,
        "created_at": "2023-03-09T06:39:39.708Z",
        "updated_at": "2023-03-09T06:43:32.448Z"
    }
},
{
    "model": "hubur_apis.subcategories",
    "pk": 33,
    "fields": {
        "name": "drugstore",
        "i_category": 4,
        "is_active": true,
        "created_at": "2023-03-09T06:39:39.716Z",
        "updated_at": "2023-03-09T06:43:32.457Z"
    }
},
{
    "model": "hubur_apis.subcategories",
    "pk": 34,
    "fields": {
        "name": "hair_care",
        "i_category": 4,
        "is_active": true,
        "created_at": "2023-03-09T06:39:39.721Z",
        "updated_at": "2023-03-09T06:43:32.466Z"
    }
},
{
    "model": "hubur_apis.subcategories",
    "pk": 35,
    "fields": {
        "name": "hospital",
        "i_category": 4,
        "is_active": true,
        "created_at": "2023-03-09T06:39:39.728Z",
        "updated_at": "2023-03-09T06:43:32.476Z"
    }
},
{
    "model": "hubur_apis.subcategories",
    "pk": 36,
    "fields": {
        "name": "pharmacy",
        "i_category": 4,
        "is_active": true,
        "created_at": "2023-03-09T06:39:39.735Z",
        "updated_at": "2023-03-09T06:43:32.485Z"
    }
},
{
    "model": "hubur_apis.subcategories",
    "pk": 37,
    "fields": {
        "name": "spa",
        "i_category": 4,
        "is_active": true,
        "created_at": "2023-03-09T06:39:39.743Z",
        "updated_at": "2023-03-09T06:43:32.494Z"
    }
},
{
    "model": "hubur_apis.subcategories",
    "pk": 38,
    "fields": {
        "name": "veterinary_care",
        "i_category": 4,
        "is_active": true,
        "created_at": "2023-03-09T06:39:39.751Z",
        "updated_at": "2023-03-09T06:43:32.505Z"
    }
},
{
    "model": "hubur_apis.content",
    "pk": 1,
    "fields": {
        "name": "Iphone",
        "disc": "MOBILE",
        "picture": "product_images/zVHWok.jpg",
        "content_type": 1,
        "i_sub_category": 19,
        "price": 123.0,
        "i_user": 4,
        "is_active": true,
        "created_at": "2023-03-09T06:45:16.901Z",
        "updated_at": "2023-03-09T06:45:16.901Z"
    }
},
{
    "model": "hubur_apis.content",
    "pk": 2,
    "fields": {
        "name": "Red Apple",
        "disc": "Home service",
        "picture": "product_images/do-django-python-react-js-websit4_EeNd8iu.jpg",
        "content_type": 3,
        "i_sub_category": 5,
        "price": 234.0,
        "i_user": 4,
        "is_active": true,
        "created_at": "2023-03-09T06:46:43.138Z",
        "updated_at": "2023-03-09T06:46:43.138Z"
    }
},
{
    "model": "hubur_apis.business",
    "pk": 1,
    "fields": {
        "name": "Dubai",
        "contact": "555537599",
        "country_code": "+971",
        "address": "Dubai - United Arab Emirates",
        "long": 55.2707828,
        "lat": 25.2048493,
        "is_active": true,
        "website": null,
        "logo_pic": "",
        "i_category": 1,
        "i_user": null,
        "is_claimed": 1,
        "place_id": "ChIJRcbZaklDXz4RYlEphFBu5r0",
        "created_at": "2023-03-09T06:39:39.763Z",
        "updated_at": "2023-03-09T06:43:32.535Z",
        "i_subcategory": [
            5
        ]
    }
},
{
    "model": "hubur_apis.business",
    "pk": 2,
    "fields": {
        "name": "THE GRILL (Grills & Rice) Restaurants in Dubai",
        "contact": "547931879",
        "country_code": "+971",
        "address": "21 - 19 26th St - Al Karama - Dubai - United Arab Emirates",
        "long": 55.3100543,
        "lat": 25.2463839,
        "is_active": true,
        "website": null,
        "logo_pic": "",
        "i_category": 1,
        "i_user": null,
        "is_claimed": 1,
        "place_id": "ChIJ2ZRcfh5DXz4RuiVql_o4--c",
        "created_at": "2023-03-09T06:39:39.792Z",
        "updated_at": "2023-03-09T06:43:33.090Z",
        "i_subcategory": [
            5
        ]
    }
},
{
    "model": "hubur_apis.business",
    "pk": 3,
    "fields": {
        "name": "Mayfair Restaurants LLC",
        "contact": "524451851",
        "country_code": "+971",
        "address": "Kuwait St - Al Mankhool - Dubai - United Arab Emirates",
        "long": 55.2944956,
        "lat": 25.2496508,
        "is_active": true,
        "website": null,
        "logo_pic": "",
        "i_category": 1,
        "i_user": null,
        "is_claimed": 1,
        "place_id": "ChIJcYj81LRDXz4R9ulOfVtOIjE",
        "created_at": "2023-03-09T06:39:39.822Z",
        "updated_at": "2023-03-09T06:43:33.597Z",
        "i_subcategory": [
            5
        ]
    }
},
{
    "model": "hubur_apis.business",
    "pk": 4,
    "fields": {
        "name": "Stopover Restaurant",
        "contact": "45464220",
        "country_code": "+971",
        "address": "Barsha Boutique Building - 7 25 A St - Al Barsha - Al Barsha 1 - Dubai - United Arab Emirates",
        "long": 55.1975826,
        "lat": 25.1076882,
        "is_active": true,
        "website": "https://stopoverrestaurant.business.site/?utm_source=gmb&utm_medium=referral",
        "logo_pic": "",
        "i_category": 1,
        "i_user": null,
        "is_claimed": 1,
        "place_id": "ChIJY9j8HK5rXz4RX5offami004",
        "created_at": "2023-03-09T06:39:39.852Z",
        "updated_at": "2023-03-09T06:43:34.045Z",
        "i_subcategory": [
            5
        ]
    }
},
{
    "model": "hubur_apis.business",
    "pk": 5,
    "fields": {
        "name": "Tulum Restaurant",
        "contact": "45140135",
        "country_code": "+971",
        "address": "The Dubai Mall Unit No. 4F - 04, Fashion Avenue Extention - Dubai - United Arab Emirates",
        "long": 55.2755306,
        "lat": 25.1967625,
        "is_active": true,
        "website": "http://www.tulum.ae/",
        "logo_pic": "",
        "i_category": 1,
        "i_user": null,
        "is_claimed": 1,
        "place_id": "ChIJLREuUsxDXz4Rcoa12chytbg",
        "created_at": "2023-03-09T06:39:39.892Z",
        "updated_at": "2023-03-09T06:43:34.613Z",
        "i_subcategory": [
            5
        ]
    }
},
{
    "model": "hubur_apis.business",
    "pk": 6,
    "fields": {
        "name": "Ricky's Restaurant",
        "contact": "45147066",
        "country_code": "+971",
        "address": "Hotel Apartment, Marina Pearl - Water Front - Shop no - 05 Al Masara Street - Dubai Marina - Dubai - United Arab Emirates",
        "long": 55.1291123,
        "lat": 25.0698819,
        "is_active": true,
        "website": "https://rickyrestaurants.com/",
        "logo_pic": "",
        "i_category": 1,
        "i_user": null,
        "is_claimed": 1,
        "place_id": "ChIJWZY-gfltXz4R4ouRyC8odhE",
        "created_at": "2023-03-09T06:39:39.935Z",
        "updated_at": "2023-03-09T06:43:35.114Z",
        "i_subcategory": [
            5
        ]
    }
},
{
    "model": "hubur_apis.business",
    "pk": 7,
    "fields": {
        "name": "Good food spot restaurants",
        "contact": "527646500",
        "country_code": "+971",
        "address": "Al QuozAl - 18 3 St - Al Quoz - Al Quoz Industrial Area 2 - Dubai - United Arab Emirates",
        "long": 55.2563448,
        "lat": 25.1344218,
        "is_active": true,
        "website": null,
        "logo_pic": "",
        "i_category": 1,
        "i_user": null,
        "is_claimed": 1,
        "place_id": "ChIJHXqjJIJpXz4R23FqVQg9yfQ",
        "created_at": "2023-03-09T06:39:39.954Z",
        "updated_at": "2023-03-09T06:43:35.551Z",
        "i_subcategory": [
            5
        ]
    }
},
{
    "model": "hubur_apis.business",
    "pk": 8,
    "fields": {
        "name": "Elements Restaurants",
        "contact": "555537599",
        "country_code": "+971",
        "address": "4672+QGV - Al Barsha - Al Barsha 1 - Dubai - United Arab Emirates",
        "long": 55.2013081,
        "lat": 25.1144968,
        "is_active": true,
        "website": "http://ivorygrandhotels.com/",
        "logo_pic": "",
        "i_category": 1,
        "i_user": null,
        "is_claimed": 1,
        "place_id": "ChIJlXUzbCJrXz4R5R5pIdNVwco",
        "created_at": "2023-03-09T06:39:39.974Z",
        "updated_at": "2023-03-09T06:43:36.044Z",
        "i_subcategory": [
            5
        ]
    }
},
{
    "model": "hubur_apis.business",
    "pk": 9,
    "fields": {
        "name": "Samakato Seafood Restaurant مطعم سمكاتو للمأكولات البحرية",
        "contact": "555537599",
        "country_code": "+971",
        "address": "Shop 01 - Al Ramth St - Al Barsha - Al Barsha 1 - Dubai - United Arab Emirates",
        "long": 55.1957015,
        "lat": 25.1138267,
        "is_active": true,
        "website": "https://www.facebook.com/Samakato.seafood.dubai/",
        "logo_pic": "",
        "i_category": 1,
        "i_user": null,
        "is_claimed": 1,
        "place_id": "ChIJ2abhEd5rXz4RCA4GtBvFoHI",
        "created_at": "2023-03-09T06:39:39.997Z",
        "updated_at": "2023-03-09T06:43:36.605Z",
        "i_subcategory": [
            5
        ]
    }
},
{
    "model": "hubur_apis.business",
    "pk": 10,
    "fields": {
        "name": "Star Grills Restaurant",
        "contact": "524553300",
        "country_code": "+971",
        "address": "778R+354 Metro Station Al Ghubaiba - Dubai - United Arab Emirates",
        "long": 55.2904447,
        "lat": 25.2651252,
        "is_active": true,
        "website": null,
        "logo_pic": "",
        "i_category": 1,
        "i_user": null,
        "is_claimed": 1,
        "place_id": "ChIJERqVCN9DXz4RZ57M8TB4cOE",
        "created_at": "2023-03-09T06:39:40.016Z",
        "updated_at": "2023-03-09T06:43:37.089Z",
        "i_subcategory": [
            5
        ]
    }
},
{
    "model": "hubur_apis.business",
    "pk": 11,
    "fields": {
        "name": "Red Apple",
        "contact": "547931879",
        "country_code": "+971",
        "address": "Dubai - United Arab Emirates",
        "long": 55.2755306,
        "lat": 25.1967625,
        "is_active": true,
        "website": null,
        "logo_pic": "",
        "i_category": 1,
        "i_user": null,
        "is_claimed": 1,
        "place_id": "ChIJHXqjJIJpXz4R23FqVQg9yfQ",
        "created_at": "2023-03-09T06:39:40.036Z",
        "updated_at": "2023-03-09T06:43:37.628Z",
        "i_subcategory": [
            5
        ]
    }
},
{
    "model": "hubur_apis.business",
    "pk": 12,
    "fields": {
        "name": "White Biryani",
        "contact": "524451851",
        "country_code": "+971",
        "address": "21 - 19 26th St - Al Karama - Dubai - United Arab Emirates",
        "long": 55.1291123,
        "lat": 25.0698819,
        "is_active": true,
        "website": null,
        "logo_pic": "",
        "i_category": 1,
        "i_user": null,
        "is_claimed": 1,
        "place_id": "ChIJlXUzbCJrXz4R5R5pIdNVwco",
        "created_at": "2023-03-09T06:39:40.056Z",
        "updated_at": "2023-03-09T06:43:38.171Z",
        "i_subcategory": [
            5
        ]
    }
},
{
    "model": "hubur_apis.business",
    "pk": 13,
    "fields": {
        "name": "Al nas Biryani",
        "contact": "45464220",
        "country_code": "+971",
        "address": "Kuwait St - Al Mankhool - Dubai - United Arab Emirates",
        "long": 55.2563448,
        "lat": 25.1344218,
        "is_active": true,
        "website": null,
        "logo_pic": "",
        "i_category": 1,
        "i_user": null,
        "is_claimed": 1,
        "place_id": "ChIJ2abhEd5rXz4RCA4GtBvFoHI",
        "created_at": "2023-03-09T06:39:40.076Z",
        "updated_at": "2023-03-09T06:43:38.641Z",
        "i_subcategory": [
            5
        ]
    }
},
{
    "model": "hubur_apis.business",
    "pk": 14,
    "fields": {
        "name": "Allah Wali Biryani",
        "contact": "45140135",
        "country_code": "+971",
        "address": "Barsha Boutique Building - 7 25 A St - Al Barsha - Al Barsha 1 - Dubai - United Arab Emirates",
        "long": 55.2013081,
        "lat": 25.1144968,
        "is_active": true,
        "website": null,
        "logo_pic": "",
        "i_category": 1,
        "i_user": null,
        "is_claimed": 1,
        "place_id": "ChIJERqVCN9DXz4RZ57M8TB4cOE",
        "created_at": "2023-03-09T06:39:40.096Z",
        "updated_at": "2023-03-09T06:43:39.077Z",
        "i_subcategory": [
            5
        ]
    }
},
{
    "model": "hubur_apis.day",
    "pk": 1,
    "fields": {
        "name": "Moday",
        "created_at": "2023-03-09T06:41:06.747Z",
        "updated_at": "2023-03-09T06:41:06.747Z"
    }
},
{
    "model": "hubur_apis.day",
    "pk": 2,
    "fields": {
        "name": "Tuesday",
        "created_at": "2023-03-09T06:41:12.843Z",
        "updated_at": "2023-03-09T06:41:12.843Z"
    }
},
{
    "model": "hubur_apis.day",
    "pk": 3,
    "fields": {
        "name": "Wednesday",
        "created_at": "2023-03-09T06:41:18.699Z",
        "updated_at": "2023-03-09T06:41:18.700Z"
    }
},
{
    "model": "hubur_apis.day",
    "pk": 4,
    "fields": {
        "name": "Thursday",
        "created_at": "2023-03-09T06:41:25.162Z",
        "updated_at": "2023-03-09T06:41:25.162Z"
    }
},
{
    "model": "hubur_apis.day",
    "pk": 5,
    "fields": {
        "name": "Friday",
        "created_at": "2023-03-09T06:41:31.587Z",
        "updated_at": "2023-03-09T06:41:31.587Z"
    }
},
{
    "model": "hubur_apis.day",
    "pk": 6,
    "fields": {
        "name": "Saturday",
        "created_at": "2023-03-09T06:41:37.961Z",
        "updated_at": "2023-03-09T06:41:37.961Z"
    }
},
{
    "model": "hubur_apis.day",
    "pk": 7,
    "fields": {
        "name": "Sunday",
        "created_at": "2023-03-09T06:41:44.778Z",
        "updated_at": "2023-03-09T06:41:44.778Z"
    }
},
{
    "model": "hubur_apis.businessschedule",
    "pk": 1,
    "fields": {
        "start_time": "07:00:00",
        "end_time": "23:30:00",
        "is_active": true,
        "i_business": 2,
        "i_day": 3,
        "created_at": "2023-03-09T06:41:53.527Z",
        "updated_at": "2023-03-09T06:43:33.572Z"
    }
},
{
    "model": "hubur_apis.businessschedule",
    "pk": 2,
    "fields": {
        "start_time": "07:00:00",
        "end_time": "23:30:00",
        "is_active": true,
        "i_business": 2,
        "i_day": 2,
        "created_at": "2023-03-09T06:41:53.535Z",
        "updated_at": "2023-03-09T06:43:33.587Z"
    }
},
{
    "model": "hubur_apis.businessschedule",
    "pk": 3,
    "fields": {
        "start_time": "07:00:00",
        "end_time": "23:30:00",
        "is_active": true,
        "i_business": 2,
        "i_day": 1,
        "created_at": "2023-03-09T06:41:53.543Z",
        "updated_at": "2023-03-09T06:43:33.548Z"
    }
},
{
    "model": "hubur_apis.businessschedule",
    "pk": 4,
    "fields": {
        "start_time": "07:00:00",
        "end_time": "23:30:00",
        "is_active": true,
        "i_business": 2,
        "i_day": 7,
        "created_at": "2023-03-09T06:41:53.551Z",
        "updated_at": "2023-03-09T06:43:33.556Z"
    }
},
{
    "model": "hubur_apis.businessschedule",
    "pk": 5,
    "fields": {
        "start_time": "07:00:00",
        "end_time": "23:30:00",
        "is_active": true,
        "i_business": 2,
        "i_day": 6,
        "created_at": "2023-03-09T06:41:53.559Z",
        "updated_at": "2023-03-09T06:43:33.540Z"
    }
},
{
    "model": "hubur_apis.businessschedule",
    "pk": 6,
    "fields": {
        "start_time": "07:00:00",
        "end_time": "23:30:00",
        "is_active": true,
        "i_business": 2,
        "i_day": 4,
        "created_at": "2023-03-09T06:41:53.567Z",
        "updated_at": "2023-03-09T06:43:33.563Z"
    }
},
{
    "model": "hubur_apis.businessschedule",
    "pk": 7,
    "fields": {
        "start_time": "07:00:00",
        "end_time": "23:30:00",
        "is_active": true,
        "i_business": 2,
        "i_day": 5,
        "created_at": "2023-03-09T06:41:53.573Z",
        "updated_at": "2023-03-09T06:43:33.579Z"
    }
},
{
    "model": "hubur_apis.businessschedule",
    "pk": 8,
    "fields": {
        "start_time": "07:30:00",
        "end_time": "00:00:00",
        "is_active": true,
        "i_business": 3,
        "i_day": 3,
        "created_at": "2023-03-09T06:41:54.089Z",
        "updated_at": "2023-03-09T06:43:34.020Z"
    }
},
{
    "model": "hubur_apis.businessschedule",
    "pk": 9,
    "fields": {
        "start_time": "07:30:00",
        "end_time": "00:00:00",
        "is_active": true,
        "i_business": 3,
        "i_day": 2,
        "created_at": "2023-03-09T06:41:54.097Z",
        "updated_at": "2023-03-09T06:43:34.036Z"
    }
},
{
    "model": "hubur_apis.businessschedule",
    "pk": 10,
    "fields": {
        "start_time": "07:30:00",
        "end_time": "00:00:00",
        "is_active": true,
        "i_business": 3,
        "i_day": 1,
        "created_at": "2023-03-09T06:41:54.105Z",
        "updated_at": "2023-03-09T06:43:34.000Z"
    }
},
{
    "model": "hubur_apis.businessschedule",
    "pk": 11,
    "fields": {
        "start_time": "07:30:00",
        "end_time": "00:00:00",
        "is_active": true,
        "i_business": 3,
        "i_day": 7,
        "created_at": "2023-03-09T06:41:54.113Z",
        "updated_at": "2023-03-09T06:43:34.009Z"
    }
},
{
    "model": "hubur_apis.businessschedule",
    "pk": 12,
    "fields": {
        "start_time": "07:30:00",
        "end_time": "00:00:00",
        "is_active": true,
        "i_business": 3,
        "i_day": 6,
        "created_at": "2023-03-09T06:41:54.122Z",
        "updated_at": "2023-03-09T06:43:33.993Z"
    }
},
{
    "model": "hubur_apis.businessschedule",
    "pk": 13,
    "fields": {
        "start_time": "07:30:00",
        "end_time": "00:00:00",
        "is_active": true,
        "i_business": 3,
        "i_day": 4,
        "created_at": "2023-03-09T06:41:54.130Z",
        "updated_at": "2023-03-09T06:43:34.014Z"
    }
},
{
    "model": "hubur_apis.businessschedule",
    "pk": 14,
    "fields": {
        "start_time": "07:30:00",
        "end_time": "00:00:00",
        "is_active": true,
        "i_business": 3,
        "i_day": 5,
        "created_at": "2023-03-09T06:41:54.138Z",
        "updated_at": "2023-03-09T06:43:34.028Z"
    }
},
{
    "model": "hubur_apis.businessschedule",
    "pk": 15,
    "fields": {
        "start_time": "11:00:00",
        "end_time": "00:00:00",
        "is_active": true,
        "i_business": 4,
        "i_day": 3,
        "created_at": "2023-03-09T06:41:54.727Z",
        "updated_at": "2023-03-09T06:43:34.554Z"
    }
},
{
    "model": "hubur_apis.businessschedule",
    "pk": 16,
    "fields": {
        "start_time": "11:00:00",
        "end_time": "00:00:00",
        "is_active": true,
        "i_business": 4,
        "i_day": 2,
        "created_at": "2023-03-09T06:41:54.739Z",
        "updated_at": "2023-03-09T06:43:34.583Z"
    }
},
{
    "model": "hubur_apis.businessschedule",
    "pk": 17,
    "fields": {
        "start_time": "11:00:00",
        "end_time": "00:00:00",
        "is_active": true,
        "i_business": 4,
        "i_day": 1,
        "created_at": "2023-03-09T06:41:54.752Z",
        "updated_at": "2023-03-09T06:43:34.523Z"
    }
},
{
    "model": "hubur_apis.businessschedule",
    "pk": 18,
    "fields": {
        "start_time": "11:00:00",
        "end_time": "00:00:00",
        "is_active": true,
        "i_business": 4,
        "i_day": 7,
        "created_at": "2023-03-09T06:41:54.763Z",
        "updated_at": "2023-03-09T06:43:34.532Z"
    }
},
{
    "model": "hubur_apis.businessschedule",
    "pk": 19,
    "fields": {
        "start_time": "11:00:00",
        "end_time": "00:00:00",
        "is_active": true,
        "i_business": 4,
        "i_day": 6,
        "created_at": "2023-03-09T06:41:54.776Z",
        "updated_at": "2023-03-09T06:43:34.514Z"
    }
},
{
    "model": "hubur_apis.businessschedule",
    "pk": 20,
    "fields": {
        "start_time": "11:00:00",
        "end_time": "00:00:00",
        "is_active": true,
        "i_business": 4,
        "i_day": 4,
        "created_at": "2023-03-09T06:41:54.789Z",
        "updated_at": "2023-03-09T06:43:34.540Z"
    }
},
{
    "model": "hubur_apis.businessschedule",
    "pk": 21,
    "fields": {
        "start_time": "11:00:00",
        "end_time": "00:00:00",
        "is_active": true,
        "i_business": 4,
        "i_day": 5,
        "created_at": "2023-03-09T06:41:54.803Z",
        "updated_at": "2023-03-09T06:43:34.569Z"
    }
},
{
    "model": "hubur_apis.businessschedule",
    "pk": 22,
    "fields": {
        "start_time": "10:00:00",
        "end_time": "00:00:00",
        "is_active": true,
        "i_business": 5,
        "i_day": 3,
        "created_at": "2023-03-09T06:41:55.288Z",
        "updated_at": "2023-03-09T06:43:35.076Z"
    }
},
{
    "model": "hubur_apis.businessschedule",
    "pk": 23,
    "fields": {
        "start_time": "10:00:00",
        "end_time": "00:00:00",
        "is_active": true,
        "i_business": 5,
        "i_day": 2,
        "created_at": "2023-03-09T06:41:55.296Z",
        "updated_at": "2023-03-09T06:43:35.091Z"
    }
},
{
    "model": "hubur_apis.businessschedule",
    "pk": 24,
    "fields": {
        "start_time": "10:00:00",
        "end_time": "00:00:00",
        "is_active": true,
        "i_business": 5,
        "i_day": 1,
        "created_at": "2023-03-09T06:41:55.306Z",
        "updated_at": "2023-03-09T06:43:35.052Z"
    }
},
{
    "model": "hubur_apis.businessschedule",
    "pk": 25,
    "fields": {
        "start_time": "10:00:00",
        "end_time": "00:00:00",
        "is_active": true,
        "i_business": 5,
        "i_day": 7,
        "created_at": "2023-03-09T06:41:55.315Z",
        "updated_at": "2023-03-09T06:43:35.060Z"
    }
},
{
    "model": "hubur_apis.businessschedule",
    "pk": 26,
    "fields": {
        "start_time": "10:00:00",
        "end_time": "00:00:00",
        "is_active": true,
        "i_business": 5,
        "i_day": 6,
        "created_at": "2023-03-09T06:41:55.324Z",
        "updated_at": "2023-03-09T06:43:35.044Z"
    }
},
{
    "model": "hubur_apis.businessschedule",
    "pk": 27,
    "fields": {
        "start_time": "10:00:00",
        "end_time": "00:00:00",
        "is_active": true,
        "i_business": 5,
        "i_day": 4,
        "created_at": "2023-03-09T06:41:55.333Z",
        "updated_at": "2023-03-09T06:43:35.068Z"
    }
},
{
    "model": "hubur_apis.businessschedule",
    "pk": 28,
    "fields": {
        "start_time": "10:00:00",
        "end_time": "00:00:00",
        "is_active": true,
        "i_business": 5,
        "i_day": 5,
        "created_at": "2023-03-09T06:41:55.343Z",
        "updated_at": "2023-03-09T06:43:35.083Z"
    }
},
{
    "model": "hubur_apis.businessschedule",
    "pk": 29,
    "fields": {
        "start_time": "07:30:00",
        "end_time": "00:00:00",
        "is_active": true,
        "i_business": 6,
        "i_day": 3,
        "created_at": "2023-03-09T06:41:55.844Z",
        "updated_at": "2023-03-09T06:43:35.526Z"
    }
},
{
    "model": "hubur_apis.businessschedule",
    "pk": 30,
    "fields": {
        "start_time": "07:30:00",
        "end_time": "00:00:00",
        "is_active": true,
        "i_business": 6,
        "i_day": 2,
        "created_at": "2023-03-09T06:41:55.854Z",
        "updated_at": "2023-03-09T06:43:35.541Z"
    }
},
{
    "model": "hubur_apis.businessschedule",
    "pk": 31,
    "fields": {
        "start_time": "07:30:00",
        "end_time": "00:00:00",
        "is_active": true,
        "i_business": 6,
        "i_day": 1,
        "created_at": "2023-03-09T06:41:55.865Z",
        "updated_at": "2023-03-09T06:43:35.502Z"
    }
},
{
    "model": "hubur_apis.businessschedule",
    "pk": 32,
    "fields": {
        "start_time": "07:30:00",
        "end_time": "00:00:00",
        "is_active": true,
        "i_business": 6,
        "i_day": 7,
        "created_at": "2023-03-09T06:41:55.876Z",
        "updated_at": "2023-03-09T06:43:35.510Z"
    }
},
{
    "model": "hubur_apis.businessschedule",
    "pk": 33,
    "fields": {
        "start_time": "07:30:00",
        "end_time": "00:00:00",
        "is_active": true,
        "i_business": 6,
        "i_day": 6,
        "created_at": "2023-03-09T06:41:55.886Z",
        "updated_at": "2023-03-09T06:43:35.494Z"
    }
},
{
    "model": "hubur_apis.businessschedule",
    "pk": 34,
    "fields": {
        "start_time": "07:30:00",
        "end_time": "00:00:00",
        "is_active": true,
        "i_business": 6,
        "i_day": 4,
        "created_at": "2023-03-09T06:41:55.897Z",
        "updated_at": "2023-03-09T06:43:35.518Z"
    }
},
{
    "model": "hubur_apis.businessschedule",
    "pk": 35,
    "fields": {
        "start_time": "07:30:00",
        "end_time": "00:00:00",
        "is_active": true,
        "i_business": 6,
        "i_day": 5,
        "created_at": "2023-03-09T06:41:55.908Z",
        "updated_at": "2023-03-09T06:43:35.534Z"
    }
},
{
    "model": "hubur_apis.businessschedule",
    "pk": 36,
    "fields": {
        "start_time": "07:30:00",
        "end_time": "00:00:00",
        "is_active": true,
        "i_business": 7,
        "i_day": 3,
        "created_at": "2023-03-09T06:41:56.456Z",
        "updated_at": "2023-03-09T06:43:36.014Z"
    }
},
{
    "model": "hubur_apis.businessschedule",
    "pk": 37,
    "fields": {
        "start_time": "07:30:00",
        "end_time": "00:00:00",
        "is_active": true,
        "i_business": 7,
        "i_day": 2,
        "created_at": "2023-03-09T06:41:56.469Z",
        "updated_at": "2023-03-09T06:43:36.033Z"
    }
},
{
    "model": "hubur_apis.businessschedule",
    "pk": 38,
    "fields": {
        "start_time": "07:30:00",
        "end_time": "00:00:00",
        "is_active": true,
        "i_business": 7,
        "i_day": 1,
        "created_at": "2023-03-09T06:41:56.481Z",
        "updated_at": "2023-03-09T06:43:35.989Z"
    }
},
{
    "model": "hubur_apis.businessschedule",
    "pk": 39,
    "fields": {
        "start_time": "07:30:00",
        "end_time": "00:00:00",
        "is_active": true,
        "i_business": 7,
        "i_day": 7,
        "created_at": "2023-03-09T06:41:56.495Z",
        "updated_at": "2023-03-09T06:43:35.998Z"
    }
},
{
    "model": "hubur_apis.businessschedule",
    "pk": 40,
    "fields": {
        "start_time": "07:30:00",
        "end_time": "00:00:00",
        "is_active": true,
        "i_business": 7,
        "i_day": 6,
        "created_at": "2023-03-09T06:41:56.507Z",
        "updated_at": "2023-03-09T06:43:35.979Z"
    }
},
{
    "model": "hubur_apis.businessschedule",
    "pk": 41,
    "fields": {
        "start_time": "07:30:00",
        "end_time": "00:00:00",
        "is_active": true,
        "i_business": 7,
        "i_day": 4,
        "created_at": "2023-03-09T06:41:56.518Z",
        "updated_at": "2023-03-09T06:43:36.005Z"
    }
},
{
    "model": "hubur_apis.businessschedule",
    "pk": 42,
    "fields": {
        "start_time": "07:30:00",
        "end_time": "00:00:00",
        "is_active": true,
        "i_business": 7,
        "i_day": 5,
        "created_at": "2023-03-09T06:41:56.531Z",
        "updated_at": "2023-03-09T06:43:36.023Z"
    }
},
{
    "model": "hubur_apis.businessschedule",
    "pk": 43,
    "fields": {
        "start_time": "00:00:00",
        "end_time": "23:59:00",
        "is_active": true,
        "i_business": 8,
        "i_day": 3,
        "created_at": "2023-03-09T06:41:57.146Z",
        "updated_at": "2023-03-09T06:43:36.577Z"
    }
},
{
    "model": "hubur_apis.businessschedule",
    "pk": 44,
    "fields": {
        "start_time": "00:00:00",
        "end_time": "23:59:00",
        "is_active": true,
        "i_business": 8,
        "i_day": 2,
        "created_at": "2023-03-09T06:41:57.155Z",
        "updated_at": "2023-03-09T06:43:36.593Z"
    }
},
{
    "model": "hubur_apis.businessschedule",
    "pk": 45,
    "fields": {
        "start_time": "00:00:00",
        "end_time": "23:59:00",
        "is_active": true,
        "i_business": 8,
        "i_day": 1,
        "created_at": "2023-03-09T06:41:57.163Z",
        "updated_at": "2023-03-09T06:43:36.550Z"
    }
},
{
    "model": "hubur_apis.businessschedule",
    "pk": 46,
    "fields": {
        "start_time": "00:00:00",
        "end_time": "23:59:00",
        "is_active": true,
        "i_business": 8,
        "i_day": 7,
        "created_at": "2023-03-09T06:41:57.171Z",
        "updated_at": "2023-03-09T06:43:36.560Z"
    }
},
{
    "model": "hubur_apis.businessschedule",
    "pk": 47,
    "fields": {
        "start_time": "00:00:00",
        "end_time": "23:59:00",
        "is_active": true,
        "i_business": 8,
        "i_day": 6,
        "created_at": "2023-03-09T06:41:57.179Z",
        "updated_at": "2023-03-09T06:43:36.539Z"
    }
},
{
    "model": "hubur_apis.businessschedule",
    "pk": 48,
    "fields": {
        "start_time": "00:00:00",
        "end_time": "23:59:00",
        "is_active": true,
        "i_business": 8,
        "i_day": 4,
        "created_at": "2023-03-09T06:41:57.187Z",
        "updated_at": "2023-03-09T06:43:36.569Z"
    }
},
{
    "model": "hubur_apis.businessschedule",
    "pk": 49,
    "fields": {
        "start_time": "00:00:00",
        "end_time": "23:59:00",
        "is_active": true,
        "i_business": 8,
        "i_day": 5,
        "created_at": "2023-03-09T06:41:57.195Z",
        "updated_at": "2023-03-09T06:43:36.585Z"
    }
},
{
    "model": "hubur_apis.businessschedule",
    "pk": 50,
    "fields": {
        "start_time": "12:00:00",
        "end_time": "00:00:00",
        "is_active": true,
        "i_business": 9,
        "i_day": 3,
        "created_at": "2023-03-09T06:41:57.612Z",
        "updated_at": "2023-03-09T06:43:37.048Z"
    }
},
{
    "model": "hubur_apis.businessschedule",
    "pk": 51,
    "fields": {
        "start_time": "12:00:00",
        "end_time": "00:00:00",
        "is_active": true,
        "i_business": 9,
        "i_day": 2,
        "created_at": "2023-03-09T06:41:57.622Z",
        "updated_at": "2023-03-09T06:43:37.076Z"
    }
},
{
    "model": "hubur_apis.businessschedule",
    "pk": 52,
    "fields": {
        "start_time": "12:00:00",
        "end_time": "00:00:00",
        "is_active": true,
        "i_business": 9,
        "i_day": 1,
        "created_at": "2023-03-09T06:41:57.633Z",
        "updated_at": "2023-03-09T06:43:37.007Z"
    }
},
{
    "model": "hubur_apis.businessschedule",
    "pk": 53,
    "fields": {
        "start_time": "12:00:00",
        "end_time": "00:00:00",
        "is_active": true,
        "i_business": 9,
        "i_day": 7,
        "created_at": "2023-03-09T06:41:57.643Z",
        "updated_at": "2023-03-09T06:43:37.018Z"
    }
},
{
    "model": "hubur_apis.businessschedule",
    "pk": 54,
    "fields": {
        "start_time": "12:00:00",
        "end_time": "00:00:00",
        "is_active": true,
        "i_business": 9,
        "i_day": 6,
        "created_at": "2023-03-09T06:41:57.654Z",
        "updated_at": "2023-03-09T06:43:36.999Z"
    }
},
{
    "model": "hubur_apis.businessschedule",
    "pk": 55,
    "fields": {
        "start_time": "12:00:00",
        "end_time": "00:00:00",
        "is_active": true,
        "i_business": 9,
        "i_day": 4,
        "created_at": "2023-03-09T06:41:57.665Z",
        "updated_at": "2023-03-09T06:43:37.033Z"
    }
},
{
    "model": "hubur_apis.businessschedule",
    "pk": 56,
    "fields": {
        "start_time": "12:00:00",
        "end_time": "00:00:00",
        "is_active": true,
        "i_business": 9,
        "i_day": 5,
        "created_at": "2023-03-09T06:41:57.675Z",
        "updated_at": "2023-03-09T06:43:37.063Z"
    }
},
{
    "model": "hubur_apis.businessschedule",
    "pk": 57,
    "fields": {
        "start_time": "06:00:00",
        "end_time": "03:00:00",
        "is_active": true,
        "i_business": 10,
        "i_day": 3,
        "created_at": "2023-03-09T06:41:58.157Z",
        "updated_at": "2023-03-09T06:43:37.598Z"
    }
},
{
    "model": "hubur_apis.businessschedule",
    "pk": 58,
    "fields": {
        "start_time": "06:00:00",
        "end_time": "03:00:00",
        "is_active": true,
        "i_business": 10,
        "i_day": 2,
        "created_at": "2023-03-09T06:41:58.165Z",
        "updated_at": "2023-03-09T06:43:37.616Z"
    }
},
{
    "model": "hubur_apis.businessschedule",
    "pk": 59,
    "fields": {
        "start_time": "06:00:00",
        "end_time": "03:00:00",
        "is_active": true,
        "i_business": 10,
        "i_day": 1,
        "created_at": "2023-03-09T06:41:58.173Z",
        "updated_at": "2023-03-09T06:43:37.572Z"
    }
},
{
    "model": "hubur_apis.businessschedule",
    "pk": 60,
    "fields": {
        "start_time": "06:00:00",
        "end_time": "03:00:00",
        "is_active": true,
        "i_business": 10,
        "i_day": 7,
        "created_at": "2023-03-09T06:41:58.181Z",
        "updated_at": "2023-03-09T06:43:37.581Z"
    }
},
{
    "model": "hubur_apis.businessschedule",
    "pk": 61,
    "fields": {
        "start_time": "06:00:00",
        "end_time": "03:00:00",
        "is_active": true,
        "i_business": 10,
        "i_day": 6,
        "created_at": "2023-03-09T06:41:58.189Z",
        "updated_at": "2023-03-09T06:43:37.563Z"
    }
},
{
    "model": "hubur_apis.businessschedule",
    "pk": 62,
    "fields": {
        "start_time": "06:00:00",
        "end_time": "03:00:00",
        "is_active": true,
        "i_business": 10,
        "i_day": 4,
        "created_at": "2023-03-09T06:41:58.197Z",
        "updated_at": "2023-03-09T06:43:37.590Z"
    }
},
{
    "model": "hubur_apis.businessschedule",
    "pk": 63,
    "fields": {
        "start_time": "06:00:00",
        "end_time": "03:00:00",
        "is_active": true,
        "i_business": 10,
        "i_day": 5,
        "created_at": "2023-03-09T06:41:58.205Z",
        "updated_at": "2023-03-09T06:43:37.607Z"
    }
},
{
    "model": "hubur_apis.businessschedule",
    "pk": 64,
    "fields": {
        "start_time": "07:30:00",
        "end_time": "00:00:00",
        "is_active": true,
        "i_business": 11,
        "i_day": 3,
        "created_at": "2023-03-09T06:41:58.664Z",
        "updated_at": "2023-03-09T06:43:38.140Z"
    }
},
{
    "model": "hubur_apis.businessschedule",
    "pk": 65,
    "fields": {
        "start_time": "07:30:00",
        "end_time": "00:00:00",
        "is_active": true,
        "i_business": 11,
        "i_day": 2,
        "created_at": "2023-03-09T06:41:58.675Z",
        "updated_at": "2023-03-09T06:43:38.159Z"
    }
},
{
    "model": "hubur_apis.businessschedule",
    "pk": 66,
    "fields": {
        "start_time": "07:30:00",
        "end_time": "00:00:00",
        "is_active": true,
        "i_business": 11,
        "i_day": 1,
        "created_at": "2023-03-09T06:41:58.686Z",
        "updated_at": "2023-03-09T06:43:38.116Z"
    }
},
{
    "model": "hubur_apis.businessschedule",
    "pk": 67,
    "fields": {
        "start_time": "07:30:00",
        "end_time": "00:00:00",
        "is_active": true,
        "i_business": 11,
        "i_day": 7,
        "created_at": "2023-03-09T06:41:58.697Z",
        "updated_at": "2023-03-09T06:43:38.125Z"
    }
},
{
    "model": "hubur_apis.businessschedule",
    "pk": 68,
    "fields": {
        "start_time": "07:30:00",
        "end_time": "00:00:00",
        "is_active": true,
        "i_business": 11,
        "i_day": 6,
        "created_at": "2023-03-09T06:41:58.707Z",
        "updated_at": "2023-03-09T06:43:38.107Z"
    }
},
{
    "model": "hubur_apis.businessschedule",
    "pk": 69,
    "fields": {
        "start_time": "07:30:00",
        "end_time": "00:00:00",
        "is_active": true,
        "i_business": 11,
        "i_day": 4,
        "created_at": "2023-03-09T06:41:58.718Z",
        "updated_at": "2023-03-09T06:43:38.133Z"
    }
},
{
    "model": "hubur_apis.businessschedule",
    "pk": 70,
    "fields": {
        "start_time": "07:30:00",
        "end_time": "00:00:00",
        "is_active": true,
        "i_business": 11,
        "i_day": 5,
        "created_at": "2023-03-09T06:41:58.729Z",
        "updated_at": "2023-03-09T06:43:38.150Z"
    }
},
{
    "model": "hubur_apis.businessschedule",
    "pk": 71,
    "fields": {
        "start_time": "07:30:00",
        "end_time": "00:00:00",
        "is_active": true,
        "i_business": 12,
        "i_day": 3,
        "created_at": "2023-03-09T06:41:59.225Z",
        "updated_at": "2023-03-09T06:43:38.616Z"
    }
},
{
    "model": "hubur_apis.businessschedule",
    "pk": 72,
    "fields": {
        "start_time": "07:30:00",
        "end_time": "00:00:00",
        "is_active": true,
        "i_business": 12,
        "i_day": 2,
        "created_at": "2023-03-09T06:41:59.235Z",
        "updated_at": "2023-03-09T06:43:38.631Z"
    }
},
{
    "model": "hubur_apis.businessschedule",
    "pk": 73,
    "fields": {
        "start_time": "07:30:00",
        "end_time": "00:00:00",
        "is_active": true,
        "i_business": 12,
        "i_day": 1,
        "created_at": "2023-03-09T06:41:59.244Z",
        "updated_at": "2023-03-09T06:43:38.592Z"
    }
},
{
    "model": "hubur_apis.businessschedule",
    "pk": 74,
    "fields": {
        "start_time": "07:30:00",
        "end_time": "00:00:00",
        "is_active": true,
        "i_business": 12,
        "i_day": 7,
        "created_at": "2023-03-09T06:41:59.252Z",
        "updated_at": "2023-03-09T06:43:38.600Z"
    }
},
{
    "model": "hubur_apis.businessschedule",
    "pk": 75,
    "fields": {
        "start_time": "07:30:00",
        "end_time": "00:00:00",
        "is_active": true,
        "i_business": 12,
        "i_day": 6,
        "created_at": "2023-03-09T06:41:59.261Z",
        "updated_at": "2023-03-09T06:43:38.585Z"
    }
},
{
    "model": "hubur_apis.businessschedule",
    "pk": 76,
    "fields": {
        "start_time": "07:30:00",
        "end_time": "00:00:00",
        "is_active": true,
        "i_business": 12,
        "i_day": 4,
        "created_at": "2023-03-09T06:41:59.269Z",
        "updated_at": "2023-03-09T06:43:38.608Z"
    }
},
{
    "model": "hubur_apis.businessschedule",
    "pk": 77,
    "fields": {
        "start_time": "07:30:00",
        "end_time": "00:00:00",
        "is_active": true,
        "i_business": 12,
        "i_day": 5,
        "created_at": "2023-03-09T06:41:59.279Z",
        "updated_at": "2023-03-09T06:43:38.623Z"
    }
},
{
    "model": "hubur_apis.businessschedule",
    "pk": 78,
    "fields": {
        "start_time": "00:00:00",
        "end_time": "23:59:00",
        "is_active": true,
        "i_business": 13,
        "i_day": 3,
        "created_at": "2023-03-09T06:41:59.710Z",
        "updated_at": "2023-03-09T06:43:39.052Z"
    }
},
{
    "model": "hubur_apis.businessschedule",
    "pk": 79,
    "fields": {
        "start_time": "00:00:00",
        "end_time": "23:59:00",
        "is_active": true,
        "i_business": 13,
        "i_day": 2,
        "created_at": "2023-03-09T06:41:59.718Z",
        "updated_at": "2023-03-09T06:43:39.068Z"
    }
},
{
    "model": "hubur_apis.businessschedule",
    "pk": 80,
    "fields": {
        "start_time": "00:00:00",
        "end_time": "23:59:00",
        "is_active": true,
        "i_business": 13,
        "i_day": 1,
        "created_at": "2023-03-09T06:41:59.726Z",
        "updated_at": "2023-03-09T06:43:39.029Z"
    }
},
{
    "model": "hubur_apis.businessschedule",
    "pk": 81,
    "fields": {
        "start_time": "00:00:00",
        "end_time": "23:59:00",
        "is_active": true,
        "i_business": 13,
        "i_day": 7,
        "created_at": "2023-03-09T06:41:59.733Z",
        "updated_at": "2023-03-09T06:43:39.036Z"
    }
},
{
    "model": "hubur_apis.businessschedule",
    "pk": 82,
    "fields": {
        "start_time": "00:00:00",
        "end_time": "23:59:00",
        "is_active": true,
        "i_business": 13,
        "i_day": 6,
        "created_at": "2023-03-09T06:41:59.741Z",
        "updated_at": "2023-03-09T06:43:39.021Z"
    }
},
{
    "model": "hubur_apis.businessschedule",
    "pk": 83,
    "fields": {
        "start_time": "00:00:00",
        "end_time": "23:59:00",
        "is_active": true,
        "i_business": 13,
        "i_day": 4,
        "created_at": "2023-03-09T06:41:59.749Z",
        "updated_at": "2023-03-09T06:43:39.044Z"
    }
},
{
    "model": "hubur_apis.businessschedule",
    "pk": 84,
    "fields": {
        "start_time": "00:00:00",
        "end_time": "23:59:00",
        "is_active": true,
        "i_business": 13,
        "i_day": 5,
        "created_at": "2023-03-09T06:41:59.757Z",
        "updated_at": "2023-03-09T06:43:39.060Z"
    }
},
{
    "model": "hubur_apis.businessschedule",
    "pk": 85,
    "fields": {
        "start_time": "12:00:00",
        "end_time": "00:00:00",
        "is_active": true,
        "i_business": 14,
        "i_day": 3,
        "created_at": "2023-03-09T06:42:00.151Z",
        "updated_at": "2023-03-09T06:43:39.597Z"
    }
},
{
    "model": "hubur_apis.businessschedule",
    "pk": 86,
    "fields": {
        "start_time": "12:00:00",
        "end_time": "00:00:00",
        "is_active": true,
        "i_business": 14,
        "i_day": 2,
        "created_at": "2023-03-09T06:42:00.159Z",
        "updated_at": "2023-03-09T06:43:39.615Z"
    }
},
{
    "model": "hubur_apis.businessschedule",
    "pk": 87,
    "fields": {
        "start_time": "12:00:00",
        "end_time": "00:00:00",
        "is_active": true,
        "i_business": 14,
        "i_day": 1,
        "created_at": "2023-03-09T06:42:00.165Z",
        "updated_at": "2023-03-09T06:43:39.566Z"
    }
},
{
    "model": "hubur_apis.businessschedule",
    "pk": 88,
    "fields": {
        "start_time": "12:00:00",
        "end_time": "00:00:00",
        "is_active": true,
        "i_business": 14,
        "i_day": 7,
        "created_at": "2023-03-09T06:42:00.173Z",
        "updated_at": "2023-03-09T06:43:39.578Z"
    }
},
{
    "model": "hubur_apis.businessschedule",
    "pk": 89,
    "fields": {
        "start_time": "12:00:00",
        "end_time": "00:00:00",
        "is_active": true,
        "i_business": 14,
        "i_day": 6,
        "created_at": "2023-03-09T06:42:00.181Z",
        "updated_at": "2023-03-09T06:43:39.558Z"
    }
},
{
    "model": "hubur_apis.businessschedule",
    "pk": 90,
    "fields": {
        "start_time": "12:00:00",
        "end_time": "00:00:00",
        "is_active": true,
        "i_business": 14,
        "i_day": 4,
        "created_at": "2023-03-09T06:42:00.189Z",
        "updated_at": "2023-03-09T06:43:39.588Z"
    }
},
{
    "model": "hubur_apis.businessschedule",
    "pk": 91,
    "fields": {
        "start_time": "12:00:00",
        "end_time": "00:00:00",
        "is_active": true,
        "i_business": 14,
        "i_day": 5,
        "created_at": "2023-03-09T06:42:00.196Z",
        "updated_at": "2023-03-09T06:43:39.606Z"
    }
},
{
    "model": "hubur_apis.businessschedule",
    "pk": 92,
    "fields": {
        "start_time": "00:00:00",
        "end_time": "23:59:00",
        "is_active": true,
        "i_business": 1,
        "i_day": 3,
        "created_at": "2023-03-09T06:43:32.560Z",
        "updated_at": "2023-03-09T06:43:33.064Z"
    }
},
{
    "model": "hubur_apis.businessschedule",
    "pk": 93,
    "fields": {
        "start_time": "00:00:00",
        "end_time": "23:59:00",
        "is_active": true,
        "i_business": 1,
        "i_day": 6,
        "created_at": "2023-03-09T06:43:32.573Z",
        "updated_at": "2023-03-09T06:43:33.033Z"
    }
},
{
    "model": "hubur_apis.businessschedule",
    "pk": 94,
    "fields": {
        "start_time": "00:00:00",
        "end_time": "23:59:00",
        "is_active": true,
        "i_business": 1,
        "i_day": 1,
        "created_at": "2023-03-09T06:43:32.586Z",
        "updated_at": "2023-03-09T06:43:33.041Z"
    }
},
{
    "model": "hubur_apis.businessschedule",
    "pk": 95,
    "fields": {
        "start_time": "00:00:00",
        "end_time": "23:59:00",
        "is_active": true,
        "i_business": 1,
        "i_day": 7,
        "created_at": "2023-03-09T06:43:32.598Z",
        "updated_at": "2023-03-09T06:43:33.048Z"
    }
},
{
    "model": "hubur_apis.businessschedule",
    "pk": 96,
    "fields": {
        "start_time": "00:00:00",
        "end_time": "23:59:00",
        "is_active": true,
        "i_business": 1,
        "i_day": 4,
        "created_at": "2023-03-09T06:43:32.610Z",
        "updated_at": "2023-03-09T06:43:33.057Z"
    }
},
{
    "model": "hubur_apis.businessschedule",
    "pk": 97,
    "fields": {
        "start_time": "00:00:00",
        "end_time": "23:59:00",
        "is_active": true,
        "i_business": 1,
        "i_day": 5,
        "created_at": "2023-03-09T06:43:32.634Z",
        "updated_at": "2023-03-09T06:43:33.072Z"
    }
},
{
    "model": "hubur_apis.businessschedule",
    "pk": 98,
    "fields": {
        "start_time": "00:00:00",
        "end_time": "23:59:00",
        "is_active": true,
        "i_business": 1,
        "i_day": 2,
        "created_at": "2023-03-09T06:43:32.646Z",
        "updated_at": "2023-03-09T06:43:33.080Z"
    }
},
{
    "model": "hubur_apis.banner",
    "pk": 1,
    "fields": {
        "sub_catagory_type": "SUB_CATAGORY",
        "image": "",
        "position": "TOP",
        "i_subcatagory": 19,
        "i_user": 4,
        "is_active": true,
        "created_at": "2023-03-09T06:47:34.925Z",
        "updated_at": "2023-03-09T06:47:34.925Z"
    }
},
{
    "model": "hubur_apis.banner",
    "pk": 2,
    "fields": {
        "sub_catagory_type": "IMAGE",
        "image": "banner_images/logo_min_inh3FoQ.png",
        "position": "MIDDLE",
        "i_subcatagory": null,
        "i_user": 4,
        "is_active": true,
        "created_at": "2023-03-09T06:47:57.609Z",
        "updated_at": "2023-03-09T06:47:57.609Z"
    }
},
{
    "model": "hubur_apis.banner",
    "pk": 3,
    "fields": {
        "sub_catagory_type": "IMAGE",
        "image": "banner_images/zVHWok.jpg",
        "position": "TOP",
        "i_subcatagory": 5,
        "i_user": 4,
        "is_active": true,
        "created_at": "2023-03-09T06:49:02.379Z",
        "updated_at": "2023-03-09T06:49:02.379Z"
    }
},
{
    "model": "hubur_apis.brand",
    "pk": 1,
    "fields": {
        "image": "brand_images/Screenshot_from_2023-03-03_15-55-08.png",
        "name": "Brand test",
        "founded_year": "2023-03-09",
        "founded_country": "Pakistan",
        "website": "http://www.nike.com.pk",
        "is_active": true,
        "created_at": "2023-03-09T06:50:09.813Z",
        "updated_at": "2023-03-09T06:50:09.813Z"
    }
},
{
    "model": "hubur_apis.popularsearch",
    "pk": 1,
    "fields": {
        "name": "Iphone",
        "url": "https://hubur-media.s3.ap-southeast-1.amazonaws.com/media/product_images/zVHWok.jpg",
        "count": 1,
        "is_active": true,
        "created_at": "2023-03-09T06:52:24.325Z",
        "updated_at": "2023-03-09T06:52:24.325Z"
    }
},
{
    "model": "hubur_apis.popularsearch",
    "pk": 2,
    "fields": {
        "name": "Red Apple",
        "url": "https://hubur-media.s3.ap-southeast-1.amazonaws.com/media/product_images/do-django-python-react-js-websit4_EeNd8iu.jpg",
        "count": 2,
        "is_active": true,
        "created_at": "2023-03-09T06:52:31.616Z",
        "updated_at": "2023-03-09T06:52:31.624Z"
    }
},
{
    "model": "hubur_apis.popularsearch",
    "pk": 3,
    "fields": {
        "name": "Ricky's Restaurant",
        "url": null,
        "count": 1,
        "is_active": true,
        "created_at": "2023-03-09T06:52:31.630Z",
        "updated_at": "2023-03-09T06:52:31.630Z"
    }
},
{
    "model": "hubur_apis.popularsearch",
    "pk": 4,
    "fields": {
        "name": "restaurant",
        "url": null,
        "count": 1,
        "is_active": true,
        "created_at": "2023-03-09T06:52:31.634Z",
        "updated_at": "2023-03-09T06:52:31.634Z"
    }
}
]
